speaker,text,translated,start
,Alice in Wonderland.,不思議の国のアリス。,15.267
,How do you get to Wonderland?,ワンダーランドへの行き方は?,21.936
,Over the hill or under land? Or just behind the tree?,丘の上ですか、それとも陸下ですか?それとも木のすぐ後ろ?,26.084
,When clouds go rolling by,雲が転がるとき,34.361
,They roll away and leave the sky,彼らは転がり去り、空を去ります,38.768
,Where is the land beyond the eye? That people cannot see,目の向こうの土地はどこにあるのでしょうか?人が見えないということ,42.726
,Where can it be?,それはどこにあるのでしょうか?,51.669
,Where do stars go? Where is the crescent moon?,星はどこへ行くのか?三日月はどこにありますか?,55.666
,They must be somewhere in a sunny afternoon,彼らは晴れた午後のどこかにいるに違いない,63.225
,Alice in Wonderland,不思議の国のアリス,74.035
,Where is the path to Wonderland?,不思議の国への道はどこにありますか?,79.852
,Over the hill or here or there?,丘の向こうか、あちこちか?,85.124
,I wonder where,どこで,91.52
,"...wanted leaders, and had been of late",...指導者を募集し、最近はそうだった,115.549
,much accustomed to usurpation and conquest.,簒奪と征服に慣れている。,118.555
,Edwin and Morcar.,エドウィンとモーカー。,122.952
,the Earls of Mercia and Northumbria declared for him.,マーシア伯爵とノーサンブリア伯爵が彼のために宣言した。,124.965
,and even Stigand...,そしてスティガンドさえも...,128.879
,Alice.,アリス。,131.365
,I'm listening.,聞いています。,134.572
," And even Stigand, the Archbishop of Canterbury,",そしてカンタベリー大司教のスティガンドでさえ、,135.585
,agreed to meet with William and offer him the crown.,ウィリアムと会い、王冠を差し出すことに同意した。,138.571
,William's conduct at first was...,ウィリアムの当初の行動は...,144.103
,Alice.,アリス。,146.617
, Will you kindly pay attention to your history lesson?,歴史の授業に注意を払っていただけますか?,148.35
,I'm sorry. Bow how can one possibly pay attention,ごめんなさい。お辞儀をする、どうして注意を払うことができるでしょうか,151.367
,to a book with no pictures in it?,写真のない本に?,154.762
,My dear child. there are a great many good books in this world,私の愛する子。この世界には良い本がたくさんあります,156.696
,without pictures.,写真なし。,161.08
,"In this world, perhaps.But in my world,",おそらくこの世界では。でも、私の世界では、,162.72
,the books would be nothing but pictures.,本は写真に過ぎないでしょう。,166.229
,Your world? What nonsense.,あなたの世界は?なんてナンセンスなんだ。,168.709
,Nonsense?,ナンセンス。,171.722
,"once more, from the beginning.",もう一度、最初から。,173.058
,"That's it, Dinah.",それでおしまい、ダイナ。,174.819
,"If I had a world of my own,everything would be nonsense.",もし私に自分の世界があったら、すべてがナンセンスになるでしょう。,176.701
,Nothing would be what it is,何もそれが何もないでしょう,180.726
,because everything would be what it isn't.,なぜなら、すべてがそうではないものになるからです。,182.726
,"And contrariwise, what it is, it wouldn't be.",そして逆に、それが何であるかは、そうではないでしょう。,185.122
,"And what it wouldn't be, it would. You see?",そして、そうでないものは、そうなるでしょう。あのう。,189.104
,"In my world you wouldn't say ""meow"".",私の世界では、「ニャー」とは言わないでしょう。,194.436
,"You'd say, ""Yes, Miss Alice.""",あなたは「はい、ミス・アリス」と答えるでしょう。,197.815
,"Oh, but you would. You'd be just like people, Dinah.",ああ、でもあなたはそうするでしょう。あなたも人と同じでしょう、ダイナ。,201.438
,And all the other animals too.,そして他のすべての動物も同様です。,204.845
,"Why, in my world",なぜ、私の世界では,207.462
,Cats and rabbits would reside in fancy little houses,猫やウサギは豪華な小さな家に住んでいました,209.356
,And be dressed in shoes and hats and trousers,そして、靴と帽子とズボンを着てください,215.868
,In a world of my own,自分だけの世界で,221.839
,All the flowers would have very extra special powers,すべての花は非常に特別な力を持っているでしょう,226.46
,They would sit and talk to me for hours,彼らは何時間も座って私に話しかけました,232.98
,When I'm lonely in a world of my own,自分だけの世界で寂しいとき,237.443
,There'd be new birds,新しい鳥が出てくるだろう,243.846
,Lots of nice and friendly howdy-do birds,素敵でフレンドリーな鳥がたくさんいます,246.18
,Everyone would have a dozen bluebirds,誰もが十数羽の青い鳥を飼っているでしょう,250.49
,Within that world all my own,その世界の中では、私自身のもの,255.509
,I could listen to a babbling brook,小川のせせらぎの音が聞こえました,261.045
,And hear a song that I could understand,そして、私が理解できる曲を聴く,265.864
,I keep wishing it could be that way,私はそうなればいいのにと願い続けています,272.023
,Because my world would be a wonderland,私の世界はワンダーランドになるからです,278.372
,"Oh, Dinah, it's just a rabbit with a waistcoat",ああ、ダイナ、チョッキを着たウサギだけだ,297.741
,and a watch.,そして時計。,301.638
,"Oh, my fur and whiskers. I'm late, I'm late, I'm late!",ああ、私の毛皮とひげ。遅刻した、遅刻した、遅刻した!,302.438
,This is curious!,これは不思議です!,305.502
,What could a rabbit possibly be late for?,ウサギは何のために遅れるのでしょうか?,306.842
,"Please, sir!",どうぞお願いします！,309.543
,"I'm late, I'm late, for a very important date! No time to say hello, goodbye!",とても大事なデートに遅刻しました!挨拶する時間はありません、さようなら!,311.116
,"I'm late, I'm late, I'm late!",遅刻した、遅刻した、遅刻した!,315.422
,"It must be awfully important, like a party or something!",パーティーか何かのように、それは非常に重要なものに違いありません。,316.753
,Mr. Rabbit! Wait!,ウサギさん!待つ！,320.757
,"No, no, no, no, no, no, no, I'm overdue. I'm really in a stew.",いや、いや、期限が過ぎました。私は本当にシチューの中にいます。,322.67
,"No time to say goodbye, hello! I'm late, I'm late, I'm late!",さようならを言う時間はありません、こんにちは!遅刻した、遅刻した、遅刻した!,326.76
,My,私の,330.272
,what a peculiar place to have a party.,パーティーを開くにはなんて珍しい場所でしょう。,331.867
,"You know, Dinah, we really shouldn't",ダイナ、本当にそうすべきではない,335.771
,uhh... uhh... be doing this...,ええと...ええと...これをやっている...,338.276
,"After all, we haven't been invited!",結局のところ、私たちは招待されていません!,341.939
,"Well, after this I shall think nothing of fa...",さて、この後は何も考えないだろう...,360.098
,of falling downstairs!,階下に落ちることの!,364.302
,Goodness!,仁徳！,403.141
,What if I should fall right through the center of the earth.,もし私が地球の中心から落ちたらどうなるでしょうか。,404.709
,"oh, and come out the other side, where people walk upside down.",ああ、そして反対側に出て、人々が逆さまに歩いているところです。,410.548
,"Oh, but that's silly. Nobody...",ああ、でもそれはばかげています。誰も。。。,414.216
,"Oh, ha ha.",ああ、はは。,420.217
,"Oh, mister Rabbit! Wait! Please!",ああ、ウサギさん!待つ！お願いします！,423.076
,Curiouser and curiouser!,好奇心旺盛な人と好奇心旺盛な人!,443.978
,Ohhhhh!!,おや！！,450.078
,"Oh! Oh, I beg your pardon.",おや！ああ、ご容赦ください。,451.387
,"Oh, oh, it's quite all right.",ああ、ああ、大丈夫です。,454.257
,But you did give me quite a turn.,しかし、あなたは私にかなりの方向転換を与えてくれました。,456.892
,"You see, I was following...",ほら、私はフォローしていました...,458.593
,"Rather good, what? Doorknob, turn?",むしろ良い、何?ドアノブ、回す?,459.695
,"Please, sir.",どうぞお願いします。,462.398
,"Well, one good turn deserves another!",まあ、1つの良いターンは別のターンに値します!,463.397
,What can I do for you?,私はあなたのために何ができますか?,467.404
,"Well, I'm looking for a white rabbit. So, um, if you don't mind...",さて、私は白うさぎを探しています。だから、ええと、よろしければ...,468.758
,Uh? Oh!,うーん。おや！,472.673
,There he is! I simply must get through!,彼がそこにいました！私はただ乗り越えなければなりません!,474.775
,"Sorry, you're much too big. Simply impassable.",ごめんなさい、あなたは大きすぎます。単に通行できない。,477.412
,You mean impossible?,不可能ということですか?,480.615
,"No, impassable. Nothing's impossible!",いいえ、通行できません。不可能なことは何もありません!,481.585
,Why don't you try the bottle on the table?,テーブルの上のボトルを試してみてはいかがでしょうか。,485.419
,Table?,テーブル。,487.521
,Oh!,おや！,489.523
,"Read the directions, and directly you'll be directed",道順を読めば、直接案内されます,490.293
,in the right direction. He he he!,正しい方向に。ふふ、ふふ!,493.296
,'Drink me' .,「私を飲んでください」。,494.631
,"Hmm, better look first.",うーん、まず見てください。,496.63
,"For if one drinks much from a bottle marked 'poison' ,",なぜなら、「毒」と書かれた瓶からたくさん飲むと、,499.334
,"it's almost certain to disagree with one, sooner or later.",遅かれ早かれ、1つに同意しないことはほぼ確実です。,503.104
,Beg your pardon?,失礼します。,507.309
,I was just giving myself some good advice.,私は自分自身に良いアドバイスをしていただけです。,508.644
,But...,だがしかし。。。,511.41
,"hmm, tastes like oh... cherry tart...",うーん、ああ...チェリータルト...,513.256
,custard...,カスタード。。。,518.452
,pineapple...,パイナップル。。。,519.65
,Roast turkey... goodness!,ローストターキー。。。仁徳！,520.822
,What did I do?,何をしたかって。,523.758
,You almost went out like a candle!,ろうそくのように消えそうになりましたね!,526.16
,But look! I'm just the right size.,でも、ほら！ちょうどいいサイズ感です。,528.531
,"Oh, no use! Ha ha ha ha.",ああ、ダメだ!は。,531.565
,"I forgot to tell you, ho ho ho ho! I'm locked!",言うのを忘れた、ホ!私はロックされています!,533.936
,"Oh, no!",ああ違います！,538.071
,"but of course, uh, you've got the key, so...",しかし、もちろん、ええと、あなたは鍵を持っているので...,540.411
,What key?,どんな鍵?,543.288
,Now don't tell me you've left it up there!,さて、そこに置いたままにしたとは言わないでください!,544.508
,"Oh, dear!",ああ！,548.083
,What ever will I do?,私は何をするでしょうか?,556.403
,"Try the box, naturally.",当然、箱を試してみてください。,558.596
,Oh!,おや！,560.9
,'Eat me'. All right.,「私を食べてください」。大丈夫です。,562.9
,But goodness knows what this will do.,しかし、これが何をもたらすかは善良です。,564.959
,"Wow, wow, wow, wow, wow!",うわー、うわー、うわー、うわー、うわー、うわー!,567.16
,What did you say?,何といいましたか。,572.666
,"I said, 'a little of that went a long way'! Ha ha ha ha!",私は『その少しが大いに役立った』と言いました!は!,574.812
,"Well, I don't think it's so funny!",まぁ、そんなに面白くないと思います!,579.093
,"Now, now I shall never get home!",さあ、今、私は二度と家に帰れない!,581.326
,"Oh, come, come, now. Crying won't help.",ああ、さあ、さあ、さあ。泣いても役に立ちません。,584.633
,"I know, but I- I- I just can't help myself!",わかってるけど、私、私、どうしようもない!,588.54
,"Hey, this won't do!",ねえ、これではダメだよ!,595.133
,This won't do at all!,これはまったくダメです!,600.94
,"You, you up there, stop!",あなた、あそこのあなた、やめてください!,604.451
,"Stop, I say! Oh look!",やめてください、私は言います!ああ、見てください!,607.04
,"The bottle, the bottle!",ボトル、ボトル!,609.533
,"Oh, dear, I do wish I hadn't cried so much.",ああ、ああ、そんなに泣かなければよかったのに。,622.929
,"Oh, a sailor's life is the life for me, how I love to sail on the bounding sea.",ああ、船乗りの人生は私にとっての人生であり、私は海を航海するのが大好きです。,632.743
,and I never never ever do a thing about the weather,そして、私は天気について決して何もしません,638.54
,for the weather never ever does a thing for me.,なぜなら、天気は私にとって決して何の役にも立たないからです。,640.859
,"Oh, a sailor's life is a life for me, tiddlee um (prrt, prrt) tiddle dum dum dee!",ああ、船乗りの人生は私にとっての人生です、tiddlee um(prrt、prrt)tiddle dum dum dee!,643.516
,And I never ne ... ahoy!,そして、私は決して...アホイ！,649.159
,"And other nautical expressions! Land ho, by Jove!",その他航海表現!ジョーブ著のランドホー!,651.453
,"Where are I, Dodo?",ドードー、私はどこにいるの?,655.493
,Dodo?,ドードー。,656.772
,"Three points to starboard. Follow me, me hearties!",右舷に3点。私についてきてください、私の心のこもった人たち!,657.599
,"Have you in port in no time at all now, haha! Oh...",あっという間に港に着きましたね、笑!おや。。。,660.919
,Mister Dodo!,ミスタードード!,664.814
,"Please! Please, help me!",お願いします！どうぞ手を貸して下さい！,666.528
,"Um, pardon me, but uh, would you mind helping me?",ええと、失礼しますが、ええと、私を助けてもらえますか?,673.8
,Please?,お願いします。,678.12
,Yoo Hoo! Yoo Hoo!,ユフー!ユフー!,680.22
,Help me! Please! Won't you...,助けてください！お願いします！そうしないのか...,682.933
,"Forward, backward, inward, outward, come and join the chase!",前へ、後ろへ、内側、外側に、追いかけに加わりましょう!,693.036
,Nothing could be drier than a jolly caucus race.,陽気な党員集会選挙ほど乾いたものはありません。,696.043
,"Backward, forward, outward, inward, bottom to the top",後方、前方、外側、内側、下から上へ,699.3
,Never a beginning. There can never be a stop,決して始まりではありません。決して止まることはない,702.319
,"To skipping, hopping, tripping, fancy free and gay,",スキップ、ホッピング、トリップ、ファンシーフリー、ゲイに、,706.632
,I started it tomorrow but will finish yesterday.,明日から始めましたが、昨日で終わります。,708.752
,"Round and round and round we go, and dance for evermore",ぐるぐる回って、ぐるぐる回って、永遠に踊る,711.965
,Once we were behind But now we find we are be-forward.,かつては遅れをとっていたが、今は前進していることに気づいている。,714.945
,"backward, inward, outward, come and join the chase!",後ろ向き、内側、外側、追いかけに加わりましょう!,718.776
,For backward... I say!,後方に...私は言う!,724.56
,You'll never get dry that way!,そうすれば決して乾くことはありません!,726.226
,Get dry?,乾く。,728.28
,"Have to run with the others! First rule of a caucus-race, you know!",他の人と一緒に走らなければなりません!党員集会の第一ルール、ご存知のとおりです!,729.566
,But how can I...,しかし、どうすれば...,733.266
,That's better! Have you dry in no time now!,そのほうがいいです！あっという間に乾かしましたか!,736.58
,No-one can ever get dry this way!,この方法で乾く人は誰もいません!,739.979
,"Nonsense! Why, I'm as dry as a bone already.",ナンセンス！なんだ、私はもう骨のように乾いている。,742.246
,"Yes, but...",はい、でも。。。,745.853
,"All right, chaps! Let's have it now! Look lively!",よし、仲間たち!さっそく食べましょう!生き生きと見せてください!,747.086
,The white rabbit!,白うさぎ!,752.0
,Mister Rabbit! Mi- Mister Rabbit!,ミスターラビット!ミスターラビット!,753.786
,"Oh, my goodness! I'm late! I'm late!",なんということ！遅れました！遅れました！,756.013
,"Oh, don't go away!",ああ、立ち去るな!,757.406
,I'll be right back!,すぐ戻ってきます！,758.9
,Don't step on the fish!,魚を踏まないでください!,760.56
,"Watch it, there. Stop kicking that mackerel!",そこで見てください。そのサバを蹴るのはやめてください!,762.8
,Brilliant! Jolly well done.,輝かしい！ジョリーよくやった。,765.12
,"Mister Rabbit! Oh, mister Rabbit!",ミスターラビット!ああ、ウサギさん!,769.345
,"Oh, dear, I'm sure he came this way.",ああ、親愛なる、きっとこっちに来たのだろう。,772.9
,Do you suppose he could be hiding?,彼は隠れていると思いますか?,776.213
,Hmm.,んん。,779.612
,Not here.,ここではありません。,781.82
,I wonder.,どうでしょう。,784.503
,"No, I suppose he must have...",いや、きっとそうだったのだろう...,795.803
,"Oh! Why, what peculiar little figures!",おや！なんだ、なんて奇妙な小さな人物なのだろう!,797.843
,Tweedle Dee and Tweedle Dum!,ツイードル・ディーとツイードル・ダム!,803.436
,"If you think we're wax-works, you ought to pay, you know!",私たちが蝋人形屋だと思うなら、お金を払うべきです。,807.26
,"Contrariwise, if you think we're alive you ought to speak to us!",逆に、私たちが生きていると思うなら、私たちに話しかけるべきです!,810.206
,That's logic!,それが論理です!,820.446
,"Well, it's been nice meeting you. Goodbye!",さて、お会いできてうれしかったです。さようなら！,822.12
,You're beginning backwards!,逆さまに始めていますね!,826.41
,"Aye, the first thing in a visit is to say!",はい、訪問で最初に言うことです!,828.435
,"How do you do and shake hands, shake hands, shake hands",どうやって握手、握手、握手、握手,831.26
,How do you do a shake hands and state yoru name and business,握手をしてヨルの名前とビジネスを述べるにはどうすればよいでしょうか,834.488
,That's manners!,それがマナーです!,838.56
,Really?,ほんとですか。,840.068
,"Well, my name is Alice and I'm following a white rabbit. So...",さて、私の名前はアリスで、白ウサギを追っています。だから。。。,841.586
,You can't go yet!,まだ行けない!,845.011
,"No, the visit has just started!",いや、見学はまだ始まったばかりです!,846.21
,I'm very sorry...,大変申し訳ありません...,848.747
,Do you like to play hide-and-seek?,かくれんぼは好きですか?,850.081
,"Oh, button-button, who's got the button?",ああ、ボタンボタン、誰がボタンを持っているの?,852.578
,"No, thank you.",いいえ結構です。,854.436
,If you stay long enough we might have a battle!,あなたが十分に長く滞在すれば、私たちは戦いをするかもしれません!,855.483
,"That's very kind of you, but I must be going.",それはとても親切なあなたですが、私は行かなければなりません。,859.576
,Why?,なぜでしょうか。,862.988
,Because I am following a white rabbit!,白ウサギを追っているから!,864.185
,Why?,なぜでしょうか。,865.76
,"Well, I- I'm curious to know where he is going!",さて、私は、彼がどこへ行くのか知りたいです!,866.701
,"Ohhhh, she's curious! Tsk, tsk, tsk, tsk!",ああ、彼女は興味津々です!ツク、ツク、ツク、ツク!,870.361
,"The oysters were curious too, weren't they?",牡蠣も興味津々でしたよね。,873.391
,"Aye, and you remember what happened to them...",そう、そして彼らに何が起こったのか覚えています...,876.275
,Poor things!,かわいそうなもの!,880.64
,Why? What did happen to the oysters?,なぜでしょうか。牡蠣はどうなったのでしょうか?,883.417
,"Oh, you wouldn't be interested.",ああ、あなたは興味がないでしょう。,885.84
,But I am!,しかし、私はそうです!,887.517
,"Oh, no. You're in much too much of a hurry!",ああ違います。急ぎすぎますね!,888.462
,"Well, perhaps I could spare a little time...",まあ、少し時間を割くことができるかもしれません...,891.628
,You could? Well!,できるの?まぁ！,893.78
,'The Walrus and the Carpenter'!,「セイウチと大工」!,897.413
,"Or, 'The Story of the Curious Oysters'!",または、「好奇心旺盛な牡蠣の物語」!,900.436
,"The sun was shining on the sea, shining with all his might.",太陽が海を照らし、全力で輝いていました。,908.862
,he did his very best to make the billows smooth and bright.,彼はうねりを滑らかで明るくするために最善を尽くしました。,913.064
,And this was odd because it was,そして、これは奇妙でした,917.207
,the middle of the night,真夜中,920.404
,The Walrus and the Carpenter were walking close at hand,セイウチと大工はすぐ近くで歩いていました,930.671
,The beach was white from side to side but much too full of sand,ビーチは左右に白かったが、砂でいっぱいだった,934.766
,"'Mister Walrus', said the Carpenter",「セイウチさん」と大工は言った,938.9
,'My brain begins to perk,「私の脳は元気を取り始めます,941.634
,"We'll sweep this clear in half a year,if you don't mind the work'",半年以内にこれを一掃します、仕事を気にしないなら」,943.446
,"Work? Uh, pff, brrrr!",仕事。ええと、ふふ、ブッ!,947.89
,"Uh, the time has come...",ええと、その時が来た...,950.79
,...the Walrus said...,...セイウチは言った...,952.106
,To talk of other things,他のことを話すと,953.245
,"Of shoes and ships and sealing wax, and cabbages and kings",靴と船と封印蝋、キャベツと王の,955.393
,"And why the sea is boiling hot, and whether pigs have wings",そして、なぜ海が熱く沸騰しているのか、豚に翼があるのか,959.247
,"Caloo, callay, no work today!",カルー、カレイ、今日は仕事なし!,963.706
,We're cabbages and kings!,私たちはキャベツであり王様です!,967.281
,"Oh, uhhh, oysters, come and walk with us",– ああ、ええと、牡蠣、私たちと一緒に歩きに来てください,1002.186
,The day is warm and bright!,日中は暖かくて明るいです!,1005.706
,"A pleasant walk, a pleasant talk, would be a sheer delight!",楽しい散歩、楽しい会話は、純粋な喜びです!,1008.24
,"Yes, and should we get hungry on the way.",はい、途中でお腹が空いたはずです。,1013.3
,"we'll stop and, uh, have a bite!",立ち止まって、ええと、一口食べましょう!,1016.166
,But mother Oyster winked her eye and shook her heavy head,しかし、母親のオイスターは目を瞬かせ、重い首を振った,1021.755
,She knew too well this was no time to leave her oyster bed,彼女は、今は牡蠣のベッドを離れる時ではないことをよく知っていました,1026.853
,"'The sea is nice, take my advice, and stay right here'",「海はいいです、私のアドバイスを受け入れて、ここにいてください」,1032.223
,Mum said.,お母さんは言いました。,1037.89
,"Yes, yes, of course, of course! But, uh, haha, the time has come,",はい、はい、もちろん、もちろん!でも、ええと、はは、その時が来た、,1039.095
,"my little friends, to talk of other things.",私の小さな友達、他のことを話すために。,1043.453
,"Of shoes and ships and sealing wax, of cabbages and kings.",靴と船と封印蝋、キャベツと王の。,1046.586
,"And why the sea is boiling hot, and whether pigs have wings.",そして、なぜ海が熱く沸騰しているのか、豚に翼があるのか。,1051.026
,"Caloo, callay, come run away! We're the cabbages and kings!",カルー、カレイ、逃げて!私たちはキャベツと王様です!,1056.66
,"Well now,",じゃあ今,1101.935
,let me see.,ちょっと待ってください。,1103.854
,Ah! A loaf of bread is what we chiefly need.,あら！私たちが最も必要としているのはパンです。,1108.36
,"So how about some pepper and salt and vinegar, eh?",では、コショウと塩と酢はいかがですか?,1115.953
,"Oh yes yes, splendid idea! Haha, very good indeed!",そう、素晴らしいアイデアです!はは、本当にとても良いです!,1118.846
,"Now, if you're ready, oysters dear,",さあ、準備ができたら、親愛なる牡蠣、,1124.426
,"haha, we can begin the feed.",はは、フィードを開始できます。,1129.306
,Feed?,飼料。,1132.926
,"Oh yes, ahh, time has come, my little friends, to talk of food and things!",そうそう、ああ、小さな友達よ、食べ物や物事について話す時が来ました!,1134.18
,Of peppercorn and mustard seed and other seasonings.,コショウの実とマスタードシード、その他の調味料の。,1139.666
,We'll mix them all together in a sauce that's fit for kings,王様に合うソースに混ぜ合わせます,1142.966
,"Caloo, callay, we'll eat today, like cabbages and kings!",カルー、カレイ、今日はキャベツやキングのように食べましょう!,1146.367
,"I, uh, I weep for you,",私は、ええと、あなたのために泣きます。,1157.42
,"I, hic, oh, excuse me, I deeply sympathize",– 私は、ヒック、ああ、すみません、私は深く同情します,1160.396
,"For I've enjoyed your company, oh, much more than you realize.",なぜなら、私はあなたと一緒にいるのが楽しかったからです、ああ、あなたが思っているよりもはるかに楽しかったからです。,1164.853
,"Little oysters, little oysters...",小さな牡蠣、小さな牡蠣...,1171.15
,But answer there came none,しかし、答えは何も来ませんでした,1174.107
,"And this was scarcely odd because, they'd been eaten, every one!",そして、これはほとんど奇妙ではなかった、なぜなら、彼らは皆食べられていたからです!,1177.257
,"Hmm, well, uhhh, ha ha,",うーん、まあ、うーん、はは、,1184.743
,"ha ha, ha ha, hmm... the time has come!",は、はは、うーん...その時が来ました!,1187.11
,With cabbages and kings!,キャベツと王様付き!,1201.073
,The end!,最後です！,1207.353
,That was a very sad story.,それはとても悲しい話でした。,1208.706
,"Aye, and there's a moral to it.",はい、それには教訓があります。,1210.393
,"Oh yes, a very good moral, if you happen to be an oyster.",そうそう、あなたがたまたま牡蠣なら、とても良い道徳です。,1212.813
,"Well, it's been a very nice visit...",まあ、とても良い訪問でした...,1216.207
,Another reputation.,もう一つの評判。,1218.12
,"I'm sorry, but...",残念ですが。。。,1219.453
,Entitled 'Father William'.,「ウィリアム神父」と題された。,1219.919
,"But really, I'm...",でも、本当に私は...,1221.56
,First verse:,最初の詩:,1222.266
,"You are old father William, the young man said",あなたは年老いたウィリアムの父です、と若者は言いました,1223.26
,and your hair has become very white.,そしてあなたの髪はとても白くなりました。,1225.956
,"And yet you incessantly stand on your head, do you think",それなのに、あなたは絶え間なく頭の上に立っていると思いますか?,1228.286
,"at your age is right, is right,",あなたの年齢では正しい、正しい、,1231.113
,do you think that your age it is right?,あなたはあなたの年齢が正しいと思いますか?,1232.786
,"Well, in me youth, father William replied to his son,",さて、若い頃、父ウィリアムは息子にこう答えました。,1234.896
,I'd do it again and again and again and I'd done it again and again and again...,何度も繰り返しました...,1239.365
,"Now, I wonder who lives here.",さて、ここには誰が住んでいるのだろう。,1248.94
,Mary Ann!,メアリーアン！,1252.473
,Drat that girl. Where did she have put them? Mary Ann!,あの女の子をドラップしてください。彼女はそれらをどこに置いたのでしょうか?メアリーアン！,1254.386
,The rabbit!,うさぎ!,1257.74
,Mary Ann!,メアリーアン！,1258.5
,"No use, can't wait. I'm awfully late, oh me, oh my, oh me, oh my!",役に立たない、待ちきれない。ひどく遅れた、ああ、ああ、ああ、ああ、ああ!,1261.286
,"Excuse me sir, but I've been trying to...",すみません、しかし私は...,1264.273
,"Why, Mary Ann! What are you doing out here?",なんで、メアリー・アン!ここで何をしているのですか?,1266.598
,Mary Ann?,メアリーアン。,1269.08
,"Don't just do something! Stand there! No, no! Go go!",ただ何かをするだけではありません!そこに立ってください!いえいえ！行け!,1269.847
,Go get my gloves! I'm late!,手袋を取りに行きましょう!遅れました！,1272.466
,But late for what? That's just what I...,しかし、何のために遅れたのでしょうか?それがまさに私...,1274.223
,My gloves!,私の手袋!,1276.223
,"At once, do you hear!",すぐに、聞こえますか!,1277.703
,Goodness. I suppose I'll be taking orders from Dinah next.,仁徳。次はダイナの命令を受けることになると思います。,1279.974
,"Hmm, now let me see.",うーん、さあ見てみましょう。,1283.818
,"If I were a rabbit, where would I keep my gloves?",もし私がウサギだったら、手袋はどこに保管しますか?,1287.506
,"Oh, thank you.",ああ有難う。,1291.759
,Don't mind if I do.,私がそうしても構わないで。,1294.1
,"Oh, no, no, not again!",ああ、いやいや、二度と!,1301.728
,Oh! Mary Ann!,おや！メアリーアン！,1305.128
,"Now you see here, Mary Ann...",さて、ここが見えます、メアリー・アン...,1310.418
,No! No!,いいえ！いいえ！,1320.472
,Help! Monster!,ヘルプ！化け物！,1322.856
,"Help, assistance!",助けて、助けて!,1325.58
,"Oh, dear.",ああ。,1332.169
,"A monster! A monster, Dodo! In my house, Dodo!",モンスター!モンスター、ドードー!我が家では、ドードー!,1333.07
,Dodo?,ドードー。,1336.091
,Oh my poor little bitty house.,ああ、私のかわいそうな小さな家。,1337.464
,"Steady, steady old chap. Can't be a bad as all that, you know.",着実で、着実な年配の男。そんなに悪いことはあり得ません。,1338.513
,"Oh, my poor roof and rafters, all my wals and...",ああ、私の貧弱な屋根と垂木、すべてのウォルス、そして...,1341.049
,there it is!,それがそこにありました！,1344.175
,By Jove!,ジョーブ著!,1345.483
,"Jolly well is, isn't it?",陽気ですよね。,1347.304
,"Well, do something, Dodo!",さて、何かをしてください、ドードー!,1349.286
,"Yes, indeed! Extraordinary situation, buteh...",はい、確かに!異常な状況、しかし...,1351.44
," But, but, but, but, but what?",でも、でも、でも、でも、でも何?,1354.8
,But I have a very simple solution!,しかし、私にはとても簡単な解決策があります!,1358.103
,Thank goodness!,ありがたいです！,1360.586
,Wha- wha- what is it?,なんだ、なんだ、それなんだ?,1361.686
,Simply pull it out the chimney.,煙突から引き出すだけです。,1363.561
,"Yes, go, go, go on! Go on! Pull it out!",はい、行って、行って、続けてください!続けます！抜いてください!,1364.986
,Who? Me? Don't be ridiculous!,誰が。私。非常識なことを言わないで下さい！,1366.84
,What we need is a...,私たちに必要なのは...,1369.601
,a lizard with a ladder!,はしごを持ったトカゲ!,1373.991
,Oh! Bill! Bill!,おや！請求書！請求書！,1376.591
,"We need a lizard with a lidder, Can you help us?",ふた付きのトカゲが必要ですが、手伝ってくれませんか?,1379.218
,"At your service, governor!",知事、あなたの奉仕で!,1383.0
,"Bill, my lad, have you ever been down a chimney?",ビル、私の若者、あなたは煙突を降りたことがありますか?,1384.72
,"Why governor, I've been down more chimneys...",なぜ知事、私はもっと煙突を降りてきました...,1387.52
,"Excellent, excellent. You just pop down the chimney,",素晴らしい、素晴らしい。煙突を下ろすだけで、,1390.548
,and haul that monster out of there.,そしてあの怪物をそこから引きずり出します。,1394.037
,"Righto, Governor! Monster?",そうですね、知事!化け物。,1396.431
,Steady now. That's better!,今は安定しています。そのほうがいいです！,1407.149
,"Bill, lad, you're passing up a golden opportunity!",ビル、若者、あなたは絶好のチャンスを逃しています!,1409.7
,I am?,私は。,1413.553
,You can be famous!,有名になることができます!,1414.5
,I can?,できます。,1415.74
,Of course! There's a brave lad.,もちろんです！勇敢な若者がいます。,1416.8
,"In you go now. Nothing to it, old boy.",今、行きます。何もないよ、おじいさん。,1419.648
,Simply tie your tail around the monsters neck and drag it out!,モンスターの首に尻尾を結んで引きずり出すだけです!,1422.878
,But- but- but Governor!,しかし、知事!,1427.095
,"Good luck, Bill!",頑張ってください、ビル!,1428.044
,Well... there goes Bill.,まぁ。。。ビルが行きます。,1443.66
,Poor Bill.,かわいそうなビル。,1447.681
,Perhaps we should try a more energetic remedy.,おそらく、もっとエネルギッシュな治療法を試すべきでしょう。,1449.965
,"Yes, anything, anything. But funny!",はい、何でも、何でも。しかし、面白い!,1454.02
,"I propose that we, uh...",私は私たちを、ええと...,1456.831
,"Yes, go on, go on, yes, yes.",はい、続けてください、続けてください、はい、はい。,1459.981
,I propose that we...!,私は私たちを...!,1461.403
,By Jove! That's it! We'll burn the house down!,ジョーブ著!それです！家を燃やしてやる!,1465.393
,Yes! Burn the house...what?,はい！家を燃やして...何。,1468.615
,"Oh, we'll smoke the blighter out. We'll put the beast to rout",ああ、ブライターを煙消しにします。獣を敗走させます,1472.301
,"Some kindling,  just a  stick or two. Tthis bit of rubbish ought to do",焚き付け、棒一本か二本だけ。このちょっとしたゴミはやるべきです,1478.118
,"Oh, dear",ああ,1483.2
,We'll smoke the blighter out. We'll smoke the monster out!,私たちはブライターを煙で消します。怪物を煙で消します!,1484.633
,"No, no! Not my beautiful birdhouse!",いえいえ！私の美しい巣箱ではありません!,1488.219
,"Oh, we'll roast the blighter's toes. We'll toast the blighter's nose!",ああ、ブライターのつま先を焼いてあげるよ。ブライターの鼻を乾杯します!,1491.011
,"Just fetch that gate!, we'll make it clear that monsters aren't welcome here",あのゲートを持ってきてください!、ここではモンスターは歓迎されないことを明確にします,1496.353
,"Oh, me, oh, my...",ああ、私、ああ、私の...,1500.855
,A match!,試合!,1502.005
,Match?,マッチ。,1502.911
,Thank you!,ありがとうございます！,1503.639
,we'll smoke the monster out! We'll smoke the monster out...,怪物を煙に消します!怪物を煙で消します...,1504.713
,"No, no my poor house and furniture.",いいえ、いいえ、私の貧しい家と家具。,1510.704
,"Oh, dear, this is serious!",ああ、これは深刻です!,1514.155
,I simply must... Oh!,私はただ...おや！,1516.863
,A garden!,庭園!,1518.813
,Perhaps if I ate something it would make me grow smaller.,もしかしたら、何かを食べれば小さくなってしまうかもしれません。,1519.763
,Let go! Help!,放して下さい！ヘルプ！,1524.69
,"I'm sorry, but I must eat something!",申し訳ありませんが、何か食べないといけません!,1526.806
,"Not me, you, you, you, you, you barbarian",私ではなく、あなた、あなた、あなた、あなた、野蛮人,1528.881
,Help!,ヘルプ！,1533.161
,Ah! I'm late!,あら！遅れました！,1540.28
,"Oh dear, I'm here, I should be there! I'm late, I'm late, I'm late!",ああ、私はここにいる、私はそこにいるべきだ!遅刻した、遅刻した、遅刻した!,1541.761
,do you have a match?,マッチはありますか?,1545.211
,"Must go. Goodbye. Hello. I'm late, I'm late, I'm late!",行かなければなりません。さようなら。こんにちは。遅刻した、遅刻した、遅刻した!,1546.72
,Wait! Please wait!,待つ！お待ちください！,1549.621
,"Ah, young lady! Do you have a match?",ああ、お嬢様!マッチはありますか?,1551.263
,"No, I, I'm sorry, but... mister Rabbit!",いや、私、申し訳ありませんが...ミスターラビット!,1553.766
,"No cooperation, no cooperation at all? Well, can't have monsters about!",協力なし、まったく協力なし?まあ、モンスターがいるわけにはいきません!,1556.518
,"Jolly, well have to carry on alone!",ジョリー、まあ、一人で続けなければなりません!,1561.021
,Wait! Please! Just a minute!,待つ！お願いします！ちょっと！,1568.277
,"Oh, dear. I'll never catch him while I'm this small.",ああ。こんなに小さいうちは絶対に捕まえない。,1572.684
,curious butterflies!,好奇心旺盛な蝶々!,1578.298
,You mean bread-and-butterflies.,パンと蝶のことですね。,1580.168
,"Oh, yes, of course, I...hmm?",ああ、そう、もちろん、私は...んん。,1582.34
,Now who do you suppose...,さて、あなたは誰だと思いますか...,1586.343
,A horse fly!,馬のハエ!,1593.726
,"I mean, a, a rocking horse fly!",つまり、ロッキングホースのハエです!,1595.314
,Naturally!,自然に！,1597.814
,"I beg your pardon, but uh...",ご容赦ください、しかしええと...,1599.663
,did you...?,しましたか。。。。,1601.871
,"oh, that's nonsense.",ああ、それはナンセンスです。,1603.211
,Flowers can't talk.,花は話せません。,1605.353
,"But of course we can talk, my dear.",でももちろん話せるよ、親愛なる人。,1606.968
,If there's anyone worth talking to.,話す価値のある人がいたら。,1609.46
,Or about! Hahahaha!,または約!ははは!,1612.001
,"And we sing, too!",そして、私たちも歌います!,1614.02
,You do?,そうですよね。,1616.121
,"Oh, yes. Would you like to hear 'Telly it to the tulips'?",ああ、そうです。「チューリップにテレビを」聞いてみませんか?,1616.805
,"No, let's sing about us!",いや、私たちのことを歌おう!,1619.138
,We know one about the shy little violets...,私たちは恥ずかしがり屋の小さなスミレについて知っています...,1620.626
,"Oh, no, not that old thing!",ああ、いや、そんな古いことじゃない!,1623.21
,Let's do 'Lovely lily of the valley'!,「素敵なスズラン」をやろう!,1624.708
,How about a daisies duet?,ヒナギクのデュエットはいかがですか?,1626.14
,"Oh, she wouldn't like that!",ああ、彼女はそれを気に入らないでしょう!,1627.144
,We shall sing 'Golden Afternoon'.,「ゴールデン・アフタヌーン」を歌います。,1630.074
,That's about all of us!,それは私たち全員のことです!,1633.714
,"Sound your 'A', Lilly!",「A」を鳴らしてください、リリー!,1636.155
,Laaaa...,ラアア...,1639.019
,Mimimimi...,ミミミミ...,1641.274
,Lalalala...,ララララ...,1643.032
,Hahahahahahaha...,ははは...,1644.891
,"Dum, dum, dum, dum...",ダム、ダム、ダム、ダム...,1646.819
,Little bread-and-butterflies kiss the tulips. And the sun is like a tyo balloon,小さなパンと蝶がチューリップにキスをします。そして太陽はちょう風船のようです,1656.864
,There are get up in the morning glories. In the golden afternoon.,朝顔に起き上がる。黄金の午後に。,1664.893
,There are dizzy daffodils on the hillside.,丘の中腹にはめまいがする水仙があります。,1672.785
,Strings of violets all in tune,スミレの弦がすべて調子を合わせている,1676.788
,Tiger lilies love the dandelions. In the golden afternoon.,タイガーユリはタンポポが大好きです。黄金の午後に。,1681.211
,The golden afternoon.,黄金の午後。,1688.051
,There are dog and caterpillars and a copper centipede.,犬と毛虫、銅のムカデがいます。,1691.321
,Where the lazy daisies love. The very peaceful life they lead.,怠惰なヒナギクが愛する場所。彼らはとても平和な生活を送っています。,1695.562
,You can learn a lot of things from the flowers.,花から多くのことを学ぶことができます。,1710.275
,For especially in the month of June.,特に6月には。,1714.218
,There's a wealth of happiness and romance,幸せとロマンスが豊かです,1718.478
,All in the golden afternoon.,すべては黄金の午後に。,1723.395
,All in the golden afternoon. The golden afternoon,すべては黄金の午後に。黄金の午後,1750.479
,You can learn a lot of things from the flowers,花からいろいろなことを学ぶことができます,1759.26
,For especially in the month of June.,特に6月には。,1764.577
,"Oh, that was lovely.",ああ、素敵だった。,1797.322
,"Thank you, my dear.",ありがとう、親愛なる人。,1799.189
,What kind of garden do you come from?,あなたはどんな庭の出身ですか?,1800.558
,"Oh, I don't come from any garden.",ああ、私はどの庭の出身でもありません。,1802.866
,"Oh, do you suppose she's a wild flower?",ああ、彼女は野生の花だと思いますか?,1804.636
,"Oh, no. I'm not a wild flower.",ああ違います。私は野の花ではありません。,1807.021
,"Just what specie, or shall we say, genus, are you, my dear?",あなたは一体どんな種、あるいは属と言おうか、親愛なる人?,1809.77
,"Well, I suppose you'd call me a genus, humanus Alice.",まあ、あなたは私を属、人間的なアリスと呼ぶと思います。,1814.1
,Ever seen an Alice with a blossom like that?,あんな花を咲かせたアリスを見たことがありますか?,1819.52
,"Come to think of it, did you ever see an Alice?",そういえば、アリスを見たことがありますか?,1821.866
,Yes.,はい。,1824.769
,and did you notice her petals?,そして、彼女の花びらに気づきましたか?,1825.97
,What a peculiar color!,なんて独特な色でしょう!,1829.361
,And no fragrance!,そして香りなし!,1831.644
,Hahaha! Just look at those stems!,は!その茎を見てください!,1833.358
,"Rather scrawny, I'd say.",むしろ痩せていると思います。,1836.25
,I think she's pretty!,可愛いと思います!,1838.2
,"Quiet, bud!",静かに、つぼみ!,1840.352
,But I'm not a flower!,しかし、私は花ではありません!,1841.22
,Aha! Just as I suspected.,ほう！私が疑った通り。,1842.61
,She's nothing but a common obelay vulgaris!,彼女は普通のオベイ・ブルガリスにすぎません!,1845.2
,"Oh, no!",ああ違います！,1849.479
,A common what?,一般的なものは何ですか?,1851.549
,"To put it bluntly, a weed!",はっきり言って雑草!,1853.063
,I'm not a weed.,私は雑草ではありません。,1855.83
,"Well, you  wouldn't expect her to admit it.",まあ、彼女がそれを認めるとは思わないでしょう。,1857.515
,Can you imagine!,想像できますか!,1859.514
,"Well, goodness!",まあ、よかった!,1860.964
,Don't let her stay here and go to seed!,彼女をここに留まらせて種をまくのをやめてください!,1862.059
,Go on now!,さあ、続けてください!,1864.28
,"Please, go.",どうぞ行ってください。,1865.232
,We don't want weeds in our bed!,ベッドに雑草が生えてほしくない!,1866.67
,"Oh, all right, if that's the way you feel about it.",ああ、わかりました、もしあなたがそう感じているなら。,1877.114
,"If I were my right size, I could pick every one of you",私が適切なサイズであれば、あなた全員を選ぶことができます,1880.198
,if I wanted to!,私が望むなら!,1883.208
,And I'd guess that'd teach you!,そして、それがあなたに教えてくれると思います!,1884.588
,You can learn a lot of things from the flowers...,花からいろいろなことを学ぶことができます...,1893.32
,Seems to me they could learn a few things about manners!,マナーについていくつかのことを学ぶことができるように思えます。,1897.46
,"A, E, I, O, U",A、E、I、O、U,1904.512
,"O, U, E, I, O, A",O、U、E、I、O、A,1923.49
,"U, E, I, A",U、E、I、A,1930.684
,"A, E, I, O, U",A、E、I、O、U,1936.54
,Who are you?,あなたは誰ですか。,1949.135
,"I, I, I hardly know, sir!",私、私、ほとんどわかりません、先生!,1953.368
,"I've changed so many times since this morning, you see...",今朝から何度も変わったんだよ...,1956.284
,I do not see.,わかりません。,1959.111
,Explain yourself.,自分自身を説明してください。,1962.15
,"Why, I'm afraid I can't explain myself, sir.",どうして、残念ながら私は自分自身を説明できません。,1963.623
,"because I'm not myself, you know.",なぜなら、私は私ではないからです。,1966.626
,I do not know.,知りません。,1968.917
,"Well, I can't put it anymore clearly for it isn't clear to me!",まあ、私には明確ではないので、もう明確に言うことはできません。,1971.055
,You?,あなたが。,1975.0
,Who are you?,あなたは誰ですか。,1976.92
,"Well, don't you think you ought to tell me...",まあ、私に言うべきだとは思いませんか...,1979.643
,...who you are first?,...あなたは誰ですか?,1985.132
,Why?,なぜでしょうか。,1988.359
,"Oh, dear. Everything is so confusing.",ああ。すべてがとても混乱しています。,1990.986
,It is not.,そうじゃないです。,1994.524
,"Well, it is to me.",まあ、それは私にとってです。,1995.979
,Why?,なぜでしょうか。,1997.539
,"Well, I can't remember things as I used to, and...",まぁ、以前のように物事を覚えていないし、...,1999.054
,Recite.,詠む。,2001.375
,"Oh! Oh, oh, yes, sir! Um...",おや！ああ、ああ、そうです、先生!ウム。。。,2004.18
,"How doth the little busy bee, improve each shi...",小さな忙しいミツバチは、それぞれの生活を改善します...,2007.449
,Stop!,止める！,2010.606
,That is not spoken correcitically.,それは正確には語られていません。,2013.363
,It goes...,それは行きます...,2015.647
,How doth the little crocodile improve his shining tail,小さなワニはどのようにして輝く尻尾を改善しますか,2030.88
,And pour the waters of the Nile on every golden scale?,そして、ナイル川の水をすべての黄金の鱗に注ぎますか?,2035.482
,How cheer...,なんて歓声でしょう...,2042.093
,how cheer...,なんて歓声...,2044.459
,How cheerfully he seems to grin. How neatly spreads his claws,彼はなんと陽気に笑っているようだ。なんときれいに爪を広げるか,2053.345
,And welcomes little fishes in,そして小さな魚を歓迎します,2059.198
,With gently smiling jaws,優しく笑顔の顎で,2061.805
,"Well, I must say I've never heard it that way before.",まあ、そんな風に聞いたことがないと言わざるを得ません。,2066.143
,I know. I have improved it.,わかっています。改善しました。,2069.082
,Well...,まぁ。。。,2071.835
,If you ask me...,私に言わせれば...,2074.334
,You? Huhm who are you?,あなたが。ふーん、あなたは誰ですか?,2075.335
,You there! Girl!,あなたはそこにいます！女の子！,2097.46
,Wait!,待つ！,2100.024
,Come back!,戻ってきます！,2101.215
,I have something important to say!,大事なことを言いたいことがあります!,2103.155
,"Oh, dear.",ああ。,2105.952
,I wonder what he wants now.,彼は今何を望んでいるのだろうか。,2108.789
,Well...?,まぁ。。。。,2123.634
,Keep your temper!,気性を保ちましょう!,2126.413
,Is that all?,それだけですか?,2130.317
,No.,いいえ。,2132.038
,"Exacitally, what is your problem?",具体的に、あなたの問題は何ですか?,2134.982
,"Well, it's exacitici-, exaciti-,",まぁ、exacitici-、exaciti-、,2138.997
,"well, it's precisely this:",まあ、それはまさにこれです:,2141.758
,"I should like to be a little larger, sir.",もう少し大きくしたいです。,2144.36
,Why?,なぜでしょうか。,2146.463
,"Well, after all, three inches is such a wretched height, and...",まあ、結局のところ、3インチはそんな惨めな身長ですし、そして...,2148.115
,I am exacitically three inches high.,私の身長は3インチです。,2152.14
,and it is a very good height indeed!,そして、それは本当に良い高さです!,2155.092
,But I'm not used to it.,でも慣れない。,2159.893
,And you needn't shout!,そして、叫ぶ必要はありません!,2161.74
,Oh dear!,ああ！,2167.47
,"By the way, I have a few more helpful hints.",ちなみに、もう少し役立つヒントがあります。,2169.482
,One side will make you grow taller...,片側が背が高くなります...,2172.16
,One side of what?,何の片側?,2174.703
,...and the other side will make you grow shorter.,...そして反対側はあなたを短くします。,2176.491
,The other side of what?,何の裏側?,2179.32
,"The mushroom, of course!",もちろんきのこ!,2180.98
,One side will make me grow...,片方が私を成長させてくれるでしょう...,2192.8
,but which is which?,しかし、どちらがどちらですか?,2195.763
,"After all that's happened, I, I wonder if I...",そんなことが起こった後、私は、私は...,2200.252
,I don't care.,私は気にしません。,2204.104
,I'm tired of being only three inches high!,身長がわずか3インチにうんざりしています!,2207.765
,A serpent!,蛇だ!,2222.536
,Help! Help!,ヘルプ！ヘルプ！,2224.256
,Serpent! Serpent!,蛇！蛇！,2226.644
,"Oh, but please! Please!",ああ、でもお願いします!お願いします！,2227.965
,Off with you! Shoo! Shoo! Go away! Serpent! Serpent!,あなたと一緒に出発してください!当確！当確！離れろ！蛇！蛇！,2229.89
,But I'm not a serpent!,しかし、私は蛇ではありません!,2233.939
,So? Indeed?,だから。確かに。,2235.704
,Then just what are you?,では、あなたは何者ですか?,2237.966
,I'm just a little girl!,私はただの小さな女の子です!,2239.657
,"Little? Ha, little? Whahahaha!",小さい。は、ちょっと?はは!,2241.551
,"Well, I am! I mean, I, I was...",そうですね、私はそうです!つまり、私は...,2245.152
,"And I suppose you don't eat eggs, either?",そして、あなたも卵を食べないと思いますか?,2248.607
,"Yes, I do, but...",はい、そうですが...,2252.215
,I knew it! I knew it!,そうだとわかっていました！そうだとわかっていました！,2253.605
,Serpent! Serpent!,蛇！蛇！,2255.77
,"Oh, for goodness sake!",ああ、念のために!,2259.22
,and the other side will...,そして、反対側は...,2263.525
,The very idea!,まさにそのアイデアです!,2265.478
,Spend all my time laying eggs for serpents like her!,彼女のようなヘビの卵を産むことにすべての時間を費やしてください!,2267.05
,Goodness.,仁徳。,2280.159
,I wonder if I'll ever get the knack of it.,いつかそのコツをつかむことができるのだろうか。,2282.18
,"There, that's much better.",そこは、その方がずっと良いです。,2291.85
,I'd better save these.,これらは保存したほうがいいです。,2296.188
,"Now, let's see, where was I?",さて、見てみましょう、私はどこにいましたか?,2302.2
,I wonder which way I ought to go.,どちらに進むべきか疑問に思います。,2309.12
,"'Twas brilling, and the slithy toves, did gyrre and gimble in the wabe.",「それは輝いていた、そして滑りやすいトーブは、ウェイブの中でギリギリとギブリングをしました。,2311.99
,"All mimsy were the borogoves, and the momeraths outgrabe.",すべてのミムシーはボロゴヴであり、モメラスはアウトグラーブでした。,2320.965
,Now where in the world do you suppose that...,さて、一体どこにいると思いますか...,2330.028
,Lose something?,失くす。,2332.853
,Oh!,おや！,2334.141
,"I, I was, no, I, I, I, I mean, I uh, I was just wondering...",私、私はそうでした、いや、私、私、私は、つまり、ええと、私はただ疑問に思っていました...,2336.945
,That's quite all right!,それはまったく大丈夫です!,2340.593
,One moment please...,ちょっと待ってください...,2342.973
,Second chorus...,2番目のコーラス...,2348.66
,"'Twas brilling, and the slithy toves, did gyre and gimble in the wabe...",「それは輝いていた、そして滑りやすいトーブは、ウェーブの中を渦巻き、ギブブルをしました...,2350.38
,"Why, why, you're a cat!",なんで、なんで、あなたは猫なのよ!,2359.74
,A Cheshire cat.,チェシャ猫。,2362.468
,All mimsy were the borogoves...,すべてのミムはボロゴヴでした...,2363.958
,"Oh, wait! Don't go, please!",ああちょっと待って！行かないで、お願いします!,2368.313
,Very well. Third chorus...,非常にいいです。3番目のコーラス...,2371.81
,"Oh, no, no, no, thank you,",あ、いやいやいや、ありがとう、,2374.014
,but... but I just wanted to ask you which way I ought to go.,だがしかし。。。しかし、私はただどちらの道を進むべきか尋ねたかっただけです。,2375.693
,"Well, that depends... on where you want to get to.",まあ、それは状況によります...行きたい場所について。,2379.108
,"Oh, it really doesn't matter, as long as I...",ああ、本当に関係ない、私が...,2384.816
,Then it really doesn't matter,それなら本当に関係ない,2387.271
,which way you go!,どちらへ行くか!,2390.402
,"Oh, by the way,",あ、そういえば、,2403.02
,"if you'd really like to know,",本当に知りたい方は、,2406.153
,he went that way.,彼はその道を行った。,2408.544
,Who did?,誰がやったのですか?,2412.095
,The white Rabbit.,白いウサギ。,2413.145
,He did?,彼がやりました。,2414.545
,He did what?,彼は何をしたのですか?,2415.745
,Went that way?,そちらに行きましたか?,2416.6
,Who did?,誰がやったのですか?,2417.688
,The white rabbit!,白うさぎ!,2418.339
,What rabbit?,何のウサギ?,2419.701
,But didn't you just say... I mean... oh dear!,しかし、あなたは今言ったのではありませんか...私が言いたいのは。。。ああ！,2420.938
,Can you stand on your head?,あなたは頭の上に立つことができますか?,2424.85
,Oh!,おや！,2427.579
,"However,",しかし,2429.104
,"if I were looking for a white rabbit,",白いウサギを探していたら、,2430.548
,I'd ask the Mad Hatter.,マッドハッターに聞いてみたい。,2434.762
,The Mad Hatter?,マッドハッター?,2437.677
,"Uh, no, no, I don't, I don't...",ええと、いやいや、いや、しない、しない...,2439.79
,"Or, there's the March Hare in that direction.",あるいは、その方向には三月ウサギがいます。,2441.35
,"Oh, thank you. I, I think I shall visit him.",ああ有難う。私は、彼を訪ねようと思っています。,2447.063
,"Of course, he's mad too.",もちろん彼も怒っている。,2449.66
,But I don't want to go among mad people!,でも、狂った人たちの中に行きたくない!,2453.091
,"Oh, you can't help that.",ああ、それは仕方ない。,2455.965
,Most everyone is mad here.,ここではほとんどの人が怒っています。,2458.722
,"You may have noticed that I'm not all there myself...,",私自身がそこにいるわけではないことにお気づきかもしれませんが...、,2465.193
,and the momeraths outgrabe...,そしてモメラスは...,2475.774
,"Goodness, if the people here are like that,",なんてことだ、ここの人がそんな人なら、,2480.26
,I must try not to upset them.,私は彼らを動揺させないようにしなければなりません。,2483.893
,How very curious!,なんて好奇心旺盛でしょう!,2488.115
,"If there are no objections, let it be unanimous",異議がなければ、全会一致にしましょう,2490.613
,A very merry unbirthday,とても楽しい誕生日,2494.337
,A very merry unbirthday,とても楽しい誕生日,2495.9
,A very merry unbirthday to us!,私たちにとってとても楽しい誕生日です!,2497.843
,A very merry unbirthday to me,私にとってとても楽しい誕生日ではありません,2518.73
,To who?,誰に?,2522.366
,To me,私を,2522.94
,Oh you!,ああ、あなた!,2523.361
,A very merry unbirthday to you,あなたにとってとても楽しい誕生日です,2523.977
,Who me?,私は誰ですか?,2525.852
,"Yes, you",はいあなたです,2526.45
,Let's all congratulate us with another cup of tea,もう一杯お茶でみんなでおめでとう,2527.37
,A very merry unbirthday to you!,とても楽しい誕生日を!,2530.819
,"No room, no room, no room, no room, no room, no room, no room!",部屋なし、部屋なし、部屋なし、部屋なし、部屋なし、部屋なし、部屋なし、部屋なし!,2542.598
,But I thought there was plenty of room!,でも、余裕はあると思いました!,2547.067
,"Ah, but it's very rude to sit down without being invited!",ああ、でも誘われずに座るなんてとても失礼です!,2549.023
,I'll say it's rude.,失礼だと言います。,2551.49
,"It's very, very rude indeed.",それは本当に、とても失礼です。,2553.191
,"Very, very, very rude, indeed.",本当に、とても、とても失礼です。,2556.08
,"Oh, I'm very sorry.",ああ、大変ごめんなさい。,2558.869
,but I did enjoy your singing and I wondered if you could tell me...,でも、私はあなたの歌を楽しんだので、教えてもらえないかと思いました...,2560.81
,You enjoyed our singing?,私たちの歌を楽しんだ?,2563.761
,"Oh, what a delightful child!",ああ、なんて楽しい子でしょう!,2565.66
,I'm so excited. We never get compliments!,とても興奮しています。褒められることはありません!,2569.7
,You must have a cup of tea!,お茶を飲まなければなりません!,2572.687
,"Ah, yes, indeed! The tea. You must have a cup of tea!",ああ、そう、確かに!お茶。お茶を飲まなければなりません!,2574.305
,That would be very nice.,それはとてもいいことです。,2577.901
,I'm sorry I interrupted your birthday party.,誕生日パーティーを邪魔してごめんなさい。,2579.473
,Thank you.,ありがとうございます。,2581.998
,"Birthday? Hahaha! My dear child, this is not a birthday party!",誕生日。は!親愛なる子よ、これは誕生日パーティーではありません!,2582.924
,Of course not! Hehehe!,もちろんそうじゃないです！ふ!,2587.1
,This is an unbirthday party!,これは誕生日パーティーではありません!,2589.83
,"Unbirthday? Why, I'm sorry, but I don't quite understand.",誕生日ではありませんか?どうして、申し訳ありませんが、よくわかりません。,2592.527
,"It's very simple. Now, thirty days have Sept",とても簡単です。さて、9月が30日が経ちました,2596.966
,"No, when...",いや、いつ...,2599.489
,"an unbirthday, if you have a birthday then you...",誕生日ではない、誕生日があるなら...,2601.777
,She doesn't know what an unbirthday is!,彼女は誕生日とは何かを知りません!,2607.468
,How silly.,なんてばかげているのでしょう。,2609.324
,Well!,まぁ！,2611.899
,I shall elucidate!,解明します!,2617.088
,"Now statistics prove, prove that you've one birthday.",今、統計が証明し、あなたには誕生日が 1 つあることを証明します。,2625.07
,"Imagine, just one birthday every year.",年に一度の誕生日を想像してみてください。,2629.4
,"Ahhh, but there are 364 unbirthdays!",ああ、でも誕生日は364人!,2631.839
,Precisely why we're gathered here to cheer!,まさに私たちが応援するためにここに集まっている理由です!,2637.14
,"Why, then today is my unbirthday, too!",なんだ、それなら今日も私の誕生日ではない!,2639.8
,It is?,そうです。,2642.32
,What a small world this is.,これはなんと小さな世界でしょう。,2643.44
,In that case...,その場合。。。,2645.98
,A very merry unbirthday.,とても陽気な誕生日です。,2648.229
,To me?,私を。,2650.8
,To you.,あなたには。,2651.874
,A very merry unbirthday.,とても陽気な誕生日です。,2652.884
,For me?,私のために。,2654.788
,For you.,あなたに。,2655.818
,"Now blow the candle out, my dear, and make your wish come true!",さあ、ろうそくを吹き消して、あなたの願いを叶えてください!,2656.666
,A very merry unbirthday to you!,とても楽しい誕生日を!,2664.373
,"Twinkle, twinkle, little bat, how I wonder what you're at",きらめき、きらめき、小さなコウモリ、あなたが何にいるのか疑問に思う,2672.049
,"Up above the world you fly, like a tea-tray in the sky",あなたは空のティートレイのように、世界の上空を飛んでいます,2678.162
,"Oh, that was lovely!",ああ、素敵だった!,2684.649
,"And, uh, and now my dear,",そして、ええと、そして今、私の親愛なる人、,2686.419
,you were saying that you would like to see...,見たいと言ってたのに...,2689.595
, Pardon.,恩赦。,2692.236
,You were seeking some information of some kind.,あなたは何らかの情報を求めていました。,2694.756
,"Oh, yes. You see, I'm looking for a...",ああ、そうです。ほら、私は探している...,2698.181
,"Clean cup, clean cup! Move down!",きれいなカップ、きれいなカップ!下に移動してください!,2700.395
,But I haven't used my cup.,しかし、私はカップを使っていません。,2703.848
,"Clean cup, clean cup, move down, move down, clean cup, clean cup, move down!",カップをきれいに、カップをきれいにし、下に移動し、下に移動し、カップをきれいにし、カップをきれいにし、下に移動!,2705.42
,Would you like a little more tea?,もう少しお茶を飲みませんか?,2709.37
,"Well, I haven't had any yet, so I can't very well take more.",まあ、私はまだ飲んでいないので、これ以上飲むことはできません。,2711.392
,"Ahh, you mean you can't very well take less!",ああ、あなたはあまり少なく取れないということですね!,2715.131
,Yes! You can always take more than nothing.,はい！何も取らないよりはいつでも多くのものを取ることができます。,2718.266
,But I only meant that...,しかし、私はただそれを意味していました...,2721.88
,"And now, my dear,",そして今、親愛なる人、,2723.5
,something seems to be troubling you.,何かがあなたを悩ませているようです。,2725.69
,"Uh, won't you tell us all about it?",ええと、それについてすべて教えてくれませんか?,2729.61
,Start at the beginning.,最初から始めます。,2731.836
,"Yes, yes! And when you come to the end,",そうそう！そして最後まで来ると、,2733.642
,"hehehe, stop! See?",ふふふ、やめて!見る。,2736.904
,"Well, it all started while I was sitting on the riverbank with Dinah.",さて、すべては私がダイナと一緒に川岸に座っていたときに始まりました。,2739.83
,Very interesting.,とても興味深いです。,2744.3
,Who's Dinah?,ダイナとは誰ですか?,2746.98
,"Why, Dinah's my cat. You see...",なんだ、ダイナは私の猫だ。あのう。。。,2749.187
,Cat? Cat!,猫。猫！,2751.09
,Hurry! Get the jam!,急ぐ！ジャムをゲット!,2755.953
,Get the jam! On his nose! Put it on his nose!,ジャムをゲット!彼の鼻に!鼻に当てて!,2759.727
,"On his nose, on his nose!",彼の鼻に、彼の鼻に!,2761.912
,Where's the cat...,猫はどこにいるのか...,2763.528
,"Oh, my goodness!",なんということ！,2766.229
,Those are the things that upset me!,それが私を動揺させたものです!,2768.748
,See all the trouble you've started?,あなたが始めたすべてのトラブルがわかりますか?,2772.013
,"But really, I didn't think that...",でも、本当にそうは思わなかった...,2774.023
,"Ah, but that's the point! If you don't think, you shouldn't talk!",ああ、でもそれがポイントです!考えないなら話さない!,2775.317
,"Clean cup! Clean cup! Move down, move down, move down!",きれいなカップ!きれいなカップ!下に下に、下に、下に!,2777.6
,But I still haven't used...,しかし、私はまだ使用していません...,2781.433
,"Move down, move down, move down, move down.",下に移動、下に移動し、下に移動し、下に移動します。,2782.544
,"And now my dear, as you were saying?",そして今、親愛なる人、あなたが言ったように?,2785.7
,"Oh, yes. I was sitting on the riverbank",ああ、そうです。川岸に座っていた,2788.99
,with uh... ...with you know who...,ええと... ...誰とか知っています...,2791.853
,"I do, hehehe?",そうですね、へへ?,2794.9
,I mean my C-A-T.,私のC-A-Tのことです。,2797.304
,Tea?,茶。,2801.298
,Just half a cup if you don't mind.,よろしければ半カップだけ。,2803.433
,"Come, come my dear, hehehe! Don't you care for tea?",さあ、来て、親愛なる人、へへ!お茶が好きではありませんか?,2806.94
,"Why, yes, I'm very fond of tea, but...",ええ、そうですね、私はお茶が大好きですが...,2810.295
,"If you don't care for tea, you could at least make polite conversation!",お茶が気にならない場合は、少なくとも丁寧な会話はできます。,2813.085
,"Well, I've been trying to ask you...",まあ、聞いてみたかったんですけど...,2816.863
,I have an excellent idea! Let's change the subject!,素晴らしいアイデアがあります!話を変えましょう!,2819.281
,Why is a raven like a writing desk?,なぜカラスは書き物机のようなものですか?,2825.58
,Riddles?,謎。,2828.86
,Let me see now.,今見てみましょう。,2831.199
,Why is a raven like a writing desk?,なぜカラスは書き物机のようなものですか?,2833.052
,I beg your pardon?,すみません。,2837.269
,Why is a raven like a writing desk?,なぜカラスは書き物机のようなものですか?,2838.84
,Why is a what?,なぜ何なのか?,2840.974
,Careful! She's stark raven mad!,注意深い！彼女はまったくカラスに狂っています!,2842.323
,"But, but it's your silly riddle! You just said...",しかし、しかし、それはあなたのばかげたなぞなぞです!あなたは今言いました...,2845.682
,Don't get excited.,興奮しないでください。,2848.421
,How about a nice cup of tea?,おいしいお茶はいかがですか?,2849.572
,"Have a cup of tea, indeed!",確かにお茶を飲んでください!,2851.56
,"Well, I'm sorry, but I just have the time!",まぁ、申し訳ありませんが、時間があるだけです!,2853.227
,"The time, the time! Who's got the time?",時、時!誰が時間があるのでしょうか?,2855.929
,"No, no, no, no! No time, no time, no time! Hello, goodbye. I'm late! I'm late!",いえいえいえいえ！時間なし、時間なし、時間なし!こんにちは、さようなら。遅れました！遅れました！,2858.92
,The white rabbit!,白うさぎ!,2863.763
,"Oh, I'm so late! I'm so very, very late!",ああ、とても遅刻した!とても、とても遅刻しました!,2865.168
,"Well, no wonder you're late!",まあ、遅刻するのも不思議ではありません!,2868.08
,"Why, this clock is exactly two days slow!",なぜ、この時計はちょうど2日遅いのです!,2870.412
,Two days slow?,2日間遅い?,2873.12
,Of course you're late. Hahaha!,もちろん遅刻します。は!,2874.304
,My goodness. We'll have to look into this.,なんてことだ。これを調べる必要があります。,2876.606
,I see what's wrong with it!,何が問題なのかわかりました!,2882.076
,"Why, this watch is full of wheels!",なんだ、この時計は車輪だらけだ!,2884.244
,"Oh, my poor watch! Oh, my wheels and springs!",ああ、かわいそうな時計!ああ、私の車輪とバネ!,2886.58
,"But- but- but- but, but- but-",しかし、しかし、,2891.582
,"Butte! Of course, it needs some butter!",ビュート！もちろんバターも必要です!,2892.898
,Butter!,バター！,2895.408
,Butter!,バター！,2896.616
,But- but- butter?,でも、でもバター?,2898.213
,"Butter, oh, thank you, butter.",バター、ああ、ありがとう、バター。,2899.759
,"Yes, that's fine.",はい、それでいいです。,2901.67
,"Oh, no, no, no, no, no, you'll get crumbs in it!",ああ、いやいや、いや、パンくずが入ってるよ!,2902.88
,"Oh, this is the very best butter!",ああ、これは最高のバターです!,2905.62
,What are you talking about?,何のことをいっているのですか。,2907.862
,Tea?,茶。,2908.853
,"Tea? Oh, I never thought of tea!",茶。ああ、お茶は考えたこともありませんでした!,2909.558
,Of course.,もちろんです。,2911.623
,Not tea.,お茶ではありません。,2912.94
,Sugar?,砂糖。,2913.953
,"Sugar, two spoons, yes, two spoons. Thank you, yes.",砂糖、スプーン2杯、そう、スプーン2杯。ありがとうございました。,2914.744
,"Oh, please! Be careful!",ああどうぞ！注意してください！,2917.835
,Jam?,ジャム。,2919.8
,Jam! I forgot all about jam!,ジャム！ジャムのことは全部忘れていました!,2920.515
,It just show you what a person will do.,その人が何をするかを示すだけです。,2923.044
,Mustard?,マスタード。,2924.504
,"Mustard, yes, but... Mustard?",マスタード、はい、でも...マスタード。,2925.588
,Don't let's be silly!,愚かなことをしないでください!,2929.354
,"Lemon, that's different, that's...",レモン、それは違う、それは...,2931.85
,"There,",そこ,2933.721
,that should do it.,それでそうすべきです。,2935.038
,Look at that.,それを見て下さい。,2939.317
,It's going mad!,狂ってしまいます!,2940.331
,"Oh, my goodness!",なんということ！,2941.097
,Oh dear!,ああ！,2941.934
,It is going mad! It's a mad watch!,それは狂っています!それは狂った時計です!,2942.716
,I can't understand it.,理解できません。,2944.661
,Mad watch! Mad watch! Mad watch!,マッドウォッチ!マッドウォッチ!マッドウォッチ!,2945.371
,"Oh, look! Oh my goodness!",ああ、見てください!なんということ！,2947.557
,There's only one way to stop a mad watch!,狂気の時計を止める方法はただ一つ!,2949.813
,"It's two days slow, that what it is.",2日間遅いです。,2956.12
,"Oh, my watch...",ああ、私の時計...,2958.372
,It was?,そうでした。,2960.439
,"And it was an unbirthday present, too.",そして、それは誕生日以外のプレゼントでもありました。,2961.659
,"Well, in that case...",まぁ、それなら...,2964.504
,A very merry unbirthday to you!,とても楽しい誕生日を!,2966.128
,"Mister Rabbit! Oh, mister Rabbit!",ミスターラビット!ああ、ウサギさん!,2972.079
,"Oh, now where did he go to?",ああ、さて、彼はどこへ行ったのだろう?,2975.786
,"A very merry unbirthday to us, to us. A very merry unbirthday to us, to us.",私たちにとって、私たちにとって、とても楽しい誕生日です。私たちにとって、私たちにとって、とても楽しい誕生日です。,2977.655
,Of all this silly nonsense,このばかげたナンセンスの中で,2984.14
,This is the stupidest tea party I've ever been to in all my life.,これは私が人生で行った中で最も愚かなお茶会です。,2986.323
,"Well, I've had enough nonsense. I'm going home.",まあ、ナンセンスはもう十分です。うちに帰ります。,2995.569
,Straight home.,まっすぐ家に帰ります。,2999.44
,That rabbit.,あのウサギ。,3002.499
,Who cares where he's going anyway?,とにかく、彼がどこへ行くのか誰が気にするでしょうか?,3004.24
,"Why, if it hadn't been for him, I...",なぜ、彼がいなかったら、私は...,3007.598
,'Tulgey Wood'...,「トゥルゲイウッド」...,3010.741
,Curious. I don't remember this.,物珍しい。これは覚えていません。,3015.333
,Now let me see.,さて、見てみましょう。,3022.52
,Oh!,おや！,3028.338
,"Uh, no no, please. No more nonsense.",ええと、いやいや、お願いします。もうナンセンスはありません。,3031.754
,"Now, if I came this way,",さて、こっちに来たら、,3040.717
,I should go back this way!,こっちに戻ろう!,3044.44
,"Oh, I beg your pardon!",ああ、ご容赦ください!,3047.257
,Goodness.,仁徳。,3069.324
,When I get home I shall write a book about this place.,家に帰ったら、この場所について本を書こうと思います。,3070.926
,If I if I ever do get home.,もし私が家に帰ったら。,3074.349
,"Oh, um, excuse me!",ああ、ええと、すみません!,3089.62
,"Um, could one of you tell me...",ええと、どちらか教えてもらえますか...,3092.745
,"Uh, never mind.",ええと、気にしないで。,3101.456
,"Oh, dear. It's getting dreadfully dark.",ああ。恐ろしく暗くなってきました。,3109.85
,And nothing looks familiar.,そして、見覚えのあるものは何もありません。,3113.489
,I shall certainly be glad to get out of...,私は確かに喜んで...,3126.337
,Oh!,おや！,3128.854
,It would be so nice if something would make sense for a change!,何か変化に意味のあるものがあればとても嬉しいです!,3154.384
,Oh!,おや！,3165.328
,'Don't step on the momeraths'.,「モメラスを踏まないでください」。,3169.931
,The momeraths?,モメラス?,3174.705
,A path!,道!,3186.001
,"Oh, thank goodness!",ああ、ありがたい!,3187.916
,"Why, I just knew I'd find one sooner or later.",なぜか、遅かれ早かれ見つかるだろうと思っていました。,3189.894
,"Oh, won't Dinah be happy to see me!",ああ、ダイナは私に会えて喜んでくれないでしょうか!,3199.242
,"Oh, I just can't wait 'till I...oh!",ああ、私は...おや！,3203.57
,Oh dear!,ああ！,3221.641
,"Now I, now I shall never get out.",今、私は、今、私は決して外に出られない。,3224.11
,"Well, when, when one's lost,",まあ、いつ、迷ったとき、,3229.354
,"I, I suppose it's good advice to stay where you are,",私は、今いる場所にとどまるのは良いアドバイスだと思いますが、,3232.671
,until someone finds you.,誰かがあなたを見つけるまで。,3238.405
,"But, but who'd ever think to look for me here?",でも、誰がここで私を探すつもりだったでしょうか?,3241.383
,Good advice.,良いアドバイス。,3247.358
,"If I'd listened earlier, I wouldn't be here!",もっと早く聞いていたら、ここにいなかったでしょう!,3250.169
,But that's just the trouble with me.,しかし、それは私の問題です。,3254.47
,I give myself very good advice,私は自分自身にとても良いアドバイスをします,3257.78
,But I very seldom follow it,しかし、私はめったにそれに従うことはありません,3262.4
,That explains the trouble that I'm always in,それが私がいつも抱えている問題を説明しています,3268.273
,'Be patient' is very good advice,「辛抱強く」はとても良いアドバイスです,3277.301
,But the waiting makes me curious.,しかし、待っていると興味が湧きます。,3282.388
,And I'd love the change should something strange begin,そして、何か奇妙なことが始まったら、私は変化を望んでいます,3287.088
,"Well, I went along my merry way",さて、私は陽気な道を歩みました,3297.707
,And I never stopped to reason,そして、私は理性を考えるのをやめませんでした,3303.09
,"I should have known there'd be a price to pay,",代償があることを知っておくべきだった、,3309.275
,some day... Some day,いつか...いつか,3314.802
,I give myself very good advice.,私は自分自身にとても良いアドバイスをします。,3320.386
,but I very seldom follow it,しかし、私はめったにそれに従うことはありません,3326.7
,Will I ever learn,私はいつか学ぶことができますか?,3332.643
,to do the things I should?,やるべきことをするために?,3335.699
,Will I ever learn?,私はいつか学ぶことができるでしょうか?,3342.994
,Learn to do the things I should?,やるべきことを学ぶ?,3349.059
,And the momeraths outgrave.,そして、モメラスは墓を負っています。,3364.202
,"Oh, Cheshire Catt, it's you!",ああ、チェシャ・キャット、あなただ!,3368.697
,Whom did you expect?,誰を期待していましたか?,3370.872
,"The white rabbit, perchance?",白ウサギでしょうか?,3372.934
,"Oh, no, no, no, no. I, I, I'm through with rabbits.",ああ、いや、いや。私、私、ウサギはもう終わりです。,3374.85
,I want to go home!,家に帰りたいです！,3379.056
,But I can't find my way.,しかし、私は自分の道を見つけることができません。,3381.545
,Naturally. That's because you have no way.,自然に。それはあなたには方法がないからです。,3383.522
,"All ways here, you see, are the queen's ways.",ここの道はすべて、ご存知のとおり、女王の道です。,3387.303
,But I've never met any queens.,しかし、私は女王に会ったことがありません。,3392.897
,You haven't? You haven't?,まだですか?まだですか?,3394.949
,"Oh, but you must!",ああ、でもあなたはしなければなりません!,3398.935
,"She'll be mad about you, simply mad!",彼女はあなたのことで怒るでしょう、単に怒るだけです!,3401.07
,And the momeraths outgrave...,そして、モメラスは墓を負っています...,3405.105
,"Please, please! How can I find her?",どうぞどうぞ！どうすれば彼女を見つけることができますか?,3407.169
,"Well, some go this way, some go that way.",まあ、こっちに行く人もいれば、あっちに行く人もいます。,3410.67
,"But as for me, myself, personally,",しかし、私自身は、個人的には、,3415.772
,I prefer the shortcut.,私はショートカットの方が好きです。,3418.66
,Oh!,おや！,3422.979
,Painting the roses red. We're painting the roses red,バラを赤く塗る。バラを赤く塗っています,3439.132
,We dare not stop or waste a drop so let the paint be spread,私たちはあえて立ち止まったり、一滴も無駄にしたりしないので、絵の具を広げてください,3443.087
,We're painting the roses red. We're painting the roses red.,バラを赤く塗っています。バラを赤く塗っています。,3446.828
,Painting the roses red and many a tear we shed,バラを赤く塗り、たくさんの涙を流しました,3454.935
,Because we know they'll cease to grow,なぜなら、成長が止まることを知っているからです,3458.751
,In fact they'll soon be dead.,実際、彼らはすぐに死んでしまいます。,3461.769
,Noooo!,いいえ！,3464.559
,And yet we go ahead painting the roses red.,それでも、私たちはバラを赤く塗ります。,3466.381
,"Painting the roses red, we're painting the roses red.",バラを赤く塗るということは、バラを赤く塗っているのです。,3473.021
,"Oh, pardon me, but Mister Three, why must you paint them red?",ああ、失礼しますが、ミスター・スリー、なぜ赤く塗らなければならないのですか?,3476.756
,Huh? Oh!,えっ。おや！,3480.788
,"Well, the fact is, miss,",まあ、事実は、お嬢様、,3483.955
,we planted the white roses by mistake.,間違えて白いバラを植えてしまいました。,3486.025
,"And,",そして,3489.669
,"the queen, she likes them red. If she saw white instead",女王様、彼女は赤が好きです。代わりに白を見たら,3491.225
,She'd raise a fuss and each of us would quickly lose his head,彼女は大騒ぎをし、私たち一人一人がすぐに頭を失いました,3494.657
,Goodness!,仁徳！,3498.445
,Since this is the thought we dread,これは私たちが恐れている考えですから,3499.446
,We're painting the roses red!,バラを赤く塗っています!,3503.809
,Oh dear! Then let me help you!,ああ！それなら私があなたを助けましょう!,3505.944
,Painting the roses red,バラを赤く塗る,3509.235
,"We're painting the roses red. Don't tell the queen what you have seen,",バラを赤く塗っています。あなたが見たことを女王に話さないでください。,3511.008
,Or say that's what we said.,あるいは、それが私たちが言ったことだと言ってください。,3514.865
,But we're painting the roses red,しかし、私たちはバラを赤く塗っています,3516.534
,"Yes, painting the roses red",はい、バラを赤く塗る,3518.548
,Not pink,ピンクではない,3520.865
,Not green,緑ではない,3521.358
,Not aquamarin,アクアマリンではない,3522.06
,We're painting the roses red!,バラを赤く塗っています!,3522.84
,The Queen!,女王様!,3533.025
,The Queen!,女王様!,3533.871
,The Queen!,女王様!,3535.073
,The Queen!,女王様!,3535.824
,"Cards, halt!",カードよ、やめろ!,3595.95
,Count off!,カウントオフ!,3599.406
,"One, two, three, four, five, six, seven, eight, nine, ten, Jack.",1、2、3、4、5、6、7、8、9、10、ジャック。,3600.502
,The rabbit!,うさぎ!,3607.297
,Her imperial highness.,殿下。,3612.413
,"Her grace, Her excellency,",彼女の恵み、閣下、,3615.237
,"Her royal majesty, the Queen of Hearts!",ハートの女王陛下!,3618.438
,And the King.,そして王様。,3624.818
,Hurray!,万歳！,3626.377
,Who's been painting my roses red?,誰が私のバラを赤く塗っているのですか?,3639.96
,Who's been painting my roses red?,誰が私のバラを赤く塗っているのですか?,3643.786
,"Who dares to taint, with vulgar paint, the royal flower bed?",誰があえて下品な絵の具で王室の花壇を汚すのでしょうか?,3647.587
,For painting my roses red someone will lose his head!,私のバラを赤く塗ったことで、誰かが頭を失うでしょう!,3653.035
,"Oh no! Your majesty! Please, it's all his fault!",ああ違います！裁判官！お願いします、それはすべて彼のせいです!,3658.711
,"Not me. Your Grace! The Ace, the Ace!",私ではありません。陛下!エース、エース!,3661.452
,The Ace!,エース!,3662.021
,You?,あなたが。,3663.86
,"No, Two!",いいえ、2つ!,3664.381
,The Deuce you say?,デュースって言ってる?,3665.383
,"Not me, the Three!",私ではなく、スリー!,3666.498
,That's enough! Off with their heads!,十分です！彼らの頭を捨ててください!,3668.014
,They're going to lose their heads for painting the roses red,彼らはバラを赤く塗ったことで頭を失うでしょう,3674.802
,It serves them right. They painted white. The roses should be red,それは彼らにとって正しいことです。彼らは白く塗りました。バラは赤でなければなりません,3678.214
,"Oh, they're going to lose their head",ああ、彼らは頭を失うでしょう,3681.388
,Silence!,沈黙！,3684.12
,"Oh, please, please! They were only trying to...",ああ、お願い、お願い!彼らはただ...,3687.625
,And who is this?,そして、これは誰ですか?,3689.596
,"Uh...well, well, well, now, eh...let me see, my dear.",うーん。。。まあ、まあ、さて、ええと...見てみましょう、親愛なる人。,3691.132
,It certainly isn't a heart. Do you suppose it's a club?,それは確かに心臓ではありません。クラブだと思いますか?,3694.208
,"Why, it's a little girl.",なんだ、小さな女の子だ。,3697.67
,"Yes, and, and I was hoping...",はい、そして、そして私は期待していました...,3700.813
,"Look up, speak nicely, and don't twiddle your fingers!",上を向いて、上手に話し、指をいじらないでください!,3702.315
,Turn out your toes. Curtsey.,つま先を外側に向けます。おじぎ。,3706.978
,"Open your mouth a little wider, and always say",口を少し大きく開けて、いつも言って,3709.915
,'Yes. Your Majesty'!,「はい。陛下」と言いました。,3714.316
,Yes. Your Majesty!,はい。裁判官！,3718.376
,"Now, um, where do you come from and where are you going?",さて、ええと、あなたはどこから来て、どこへ行くのですか?,3723.422
,"Well, um, I'm trying to find my way home.",まあ、ええと、私は家に帰る道を見つけようとしています。,3728.045
,Your way? All ways here are my ways!,あなたのやり方?すべての方法が私のやり方です!,3730.075
,"Well, yes, I know, but I was just thinking...",まあ、はい、わかっていますが、私はただ考えていました...,3734.973
,"Curtsy while you're thinking, it saves time.",考えている間にお辞儀をすると、時間を節約できます。,3737.964
,"Yes, Your Majesty, but I was only going to ask...",はい、陛下、しかし私はただ尋ねるつもりでした...,3741.92
,I'll ask the questions!,質問します!,3744.283
,Do you play croquet?,クロケットをしますか?,3746.78
,"Why, yes, Your Majesty.",そうですね、陛下。,3749.49
,Your Majesty?,裁判官。,3750.661
,Then let the game begin!,それではゲームを始めましょう!,3751.216
,"In your places, in your places. By order of the king! Hurry, hurry, hurry!",あなたの場所で、あなたの場所で。王の命令で!急いで、急いで、急いで!,3756.386
,Shuffle deck!,デッキをシャッフル!,3760.189
,Cards cut!,カードカット!,3763.37
,Deal cards!,カードをディール!,3765.572
,Cards halt!...,カードが停止します...,3768.034
,Silence!,沈黙！,3802.439
,Off with his head!,彼の頭で外れ!,3867.58
,"Off with his head, off with his head! By orders of the king.",頭を離して、頭を離して!王の命令による。,3870.109
,You heard what she said!,彼女の言うことは聞こえました!,3872.68
,You're next!,次はあなたです!,3873.765
,"Oh, but...",あ、でも。。。,3875.252
,My dear.,ねえ。,3876.388
,"Yes, Your Majesty.",はい、陛下。,3879.04
,Stop!,止める！,3907.057
,Off all the impossible...,すべての不可能を捨てて...,3908.742
,Do you want us both to lose our heads?,私たち二人とも頭を失ってほしいですか?,3910.566
,"Well, I don't!",まあ、私はそうではありません!,3914.137
,"I say, how are you getting on?",私は、元気ですか?,3949.67
,Not at all.,全く違います。,3952.079
,Beg your pardon?,失礼します。,3953.138
,"I said, 'not at all'!",私は「全くない」と答えました!,3954.562
,Who are you talking to?,誰と話しているの?,3956.695
,"Oh, uh...a cat, Your Majesty!",ああ、ええと...猫、陛下!,3959.024
,Cat? Where?,猫。どこ。,3960.767
,There!,そこ！,3962.339
,Oh there he is again!,ああ、また来た!,3965.366
,"I warn you, child, if I lose my temper, you lose your head, understand?",警告します、子供よ、私が気性を失うと、あなたは頭を失います、わかりますか?,3966.477
,"You know, we could make her really angry.",ご存知のとおり、私たちは彼女を本当に怒らせることができます。,3974.653
,Shall we try?,試してみませんか?,3978.721
,"Oh no, no!",ああ、いや、いや!,3979.618
,"Oh, but it's loads of fun!",ああ、でもとても楽しいです!,3980.782
,"No, no, no! Stop!",いえいえいえ！止める！,3982.35
,"Oh, no!",ああ違います！,3986.233
,Oh my fur and whiskers!,ああ、私の毛皮とひげ!,3988.676
,"Oh, dear! Save the queen!",ああ！女王を救え!,3990.659
,Someone's head will roll for this!,これで誰かの頭が転がるでしょう!,3993.204
,Yours!,あなた！,3997.631
,Off with her...,彼女と一緒に行け...,4000.315
,"But- but consider, my dear. Couldn't she have a trial first?",しかし、しかし、考えてみてください、親愛なる人。彼女は最初に裁判を受けることができませんか?,4001.531
,Trial?,裁判。,4007.313
,"Well, just a, a little trial?",さて、ちょっとした試練?,4008.445
,"Very well, then.",それなら、とても良いです。,4014.902
,Let the trial begin!,試練を始めましょう!,4016.828
,"Your Majesty,",裁判官,4028.062
,"members of the jury,",審査員の皆さん、,4030.288
,loyal subjects,忠実な臣下,4032.439
,and the king.,そして王様。,4035.932
,"The prisoner at the bar is charged with enticing Her Majesty,",バーの囚人は女王陛下を誘惑した罪で起訴され、,4038.44
,"the Queen of Hearts, into a game of croquet,",ハートの女王はクロケットのゲームに、,4041.354
,and thereby willfully...,そしてそれによって故意に...,4044.127
,But...,だがしかし。。。,4045.594
,"...and with malice aforethought, teasing, tormenting,",...そして、悪意を念頭に置いて、からかい、苦しめ、,4046.289
,and otherwise annoying our beloved...,そうでなければ、私たちの最愛の人を悩ませます...,4048.368
,Never mind all that! Get to the part where I lose my temper.,そんなことは気にしないでください!私が怒りを失う部分に到達します。,4049.796
,...thereby causing the queen to lose her temper.,...それによって女王は気性を失います。,4055.765
,Now.,今。,4058.078
,are you ready for your sentence?,判決を受ける準備はできていますか?,4059.893
,Sentence? But there must be a verdict first!,文。しかし、最初に評決がなければなりません!,4063.284
,Sentence first! Verdict afterwards.,文章先!その後の評決。,4066.008
,But that just isn't the way!,しかし、それは方法ではありません!,4069.475
,All ways are...,すべての方法は...,4070.72
,"Your ways, Your Majesty.",陛下、あなたのやり方。,4073.01
,"Yes, my child.",はい、私の子供。,4075.331
,Off with her...,彼女と一緒に行け...,4077.813
,"Consider, my dear, we've called no witnesses.",親愛なる人、私たちは証人を呼んでいないことを考えてください。,4078.924
,Couldn't we hear maybe one or two?,1つか2つは聞こえないでしょうか?,4082.088
,Ha? Maybe?,は?恐らく。,4084.383
,"Oh, very well.",ああ、とても良いです。,4085.216
,But get on with it!,しかし、それを続けてください!,4086.862
,"First witness! First witness! Herald, call the first witness.",初目撃!初目撃!ヘラルド、最初の証人を呼んでください。,4089.292
,The March Hare.,三月ウサギ。,4091.967
,"Oh, oh, what do you know about this unfortunate affair?",ああ、ああ、この不幸な出来事についてあなたは何を知っていますか?,4098.311
,Nothing!,何もない！,4101.647
,Nothing whatever?,何もない?,4102.546
,Nothing whatever!,何もない!,4104.14
,That's very important!,それはとても重要なことです!,4105.386
,"Jury, write that down!",陪審員、それを書き留めてください!,4108.316
,"Unimportant, Your Majesty, means of course...",重要ではない、陛下、もちろん...,4113.887
,Silence!,沈黙！,4116.84
,"Next witness,",次の証人、,4118.826
,The Dormouse!,ヤマネ!,4119.969
,Well...,まぁ。。。,4126.833
,What have you to say about this?,これについて何と言いますか?,4128.778
,"Twinkle, twinkle, little bat",きらめき、きらめき、小さなコウモリ,4131.55
,How I wonder...,どうして不思議に思うか...,4134.87
,That's the most important piece of evidence we've heard yet.,これは、私たちがこれまで聞いた中で最も重要な証拠です。,4136.183
,Write that down!,それを書き留めてください!,4140.035
,"Twinkle, twinkle, twinkle, twinkle, twinkle, twinkle...",きらめき、きらめき、きらめき、きらめき、きらめき、きらめき...,4142.725
,"Twinkle, twinkle. What next?",きらめき、きらめく。次は何ですか?,4146.186
,The Mad Hatter!,マッドハッター!,4148.626
,Off with your hat!,帽子を脱いで!,4155.549
,"Oh, my! He he he!",あらららら！ふふ、ふふ!,4157.619
,And where were you when this horrible crime was committed?,そして、この恐ろしい犯罪が犯されたとき、あなたはどこにいましたか?,4159.493
,"I was home, drinking tea.",私は家にいて、お茶を飲んでいました。,4162.23
,"Today, you know, is my unbirthday.",今日は私の誕生日ではありません。,4164.607
,"Why, my dear! Today is your unbirthday, too!",どうして、親愛なる人!今日もあなたの誕生日ではありません!,4167.384
,It is?,そうです。,4170.913
,It is?,そうです。,4171.893
,It is?,そうです。,4173.106
,A very merry unbirthday!,とても楽しい誕生日です!,4174.88
,To me?,私を。,4177.334
,Oh no!,ああ違います！,4178.214
,A very merry unbirthday!,とても楽しい誕生日です!,4179.334
,For me?,私のために。,4181.293
,For you.,あなたに。,4182.306
,"Now blow the candle out, my dear, and make your wish come true!",さあ、ろうそくを吹き消して、あなたの願いを叶えてください!,4183.391
,A very merry unbirthday to you!,とても楽しい誕生日を!,4189.841
,Oh! Your Majesty!,おや！裁判官！,4197.189
,"Oh, yes, my dear?",ああ、そうだね、親愛なる人?,4199.442
,Look! There he is now!,ほら！彼は今そこにいます!,4202.019
,He? Where? Who?,彼。どこ。誰が。,4204.037
,The Cheshire Cat!,チェシャ猫!,4205.725
,Cat?,猫。,4207.111
,"Cat! Cat? Cat, cat, cat, cat!",猫！猫。猫、猫、猫、猫、猫!,4208.215
,There he goes. There he goes. Thes is terrible!,彼は行きます。彼は行きます。テスはひどいです!,4210.901
,Help! Help!,ヘルプ！ヘルプ！,4212.728
,Stop him! Stop him!,彼をとめて下さい！彼をとめて下さい！,4213.741
,Catch him somebody! Help me! Catch him!,誰かを捕まえろ!助けてください！彼を捕まえろ!,4215.314
,"Get me the jam, the jam!",ジャム、ジャムを手に入れてください!,4217.537
,The jam! The jam! By order of the king!,ジャム!ジャム!王の命令で!,4218.719
,The jam!,ジャム!,4221.212
,Let me have it!,持ってあげてください!,4222.249
,Somebody's head is going to roll for this!,誰かがこれのために頭を転がすでしょう!,4228.059
,The mushroom!,きのこ!,4235.57
,Off with her h...!,彼女と一緒にオフ...!,4237.715
,"Oh, pooh. I'm not afraid of you!",ああ、プー。私はあなたを恐れていません!,4245.176
,"Why, you're nothing but a pack of cards!",なぜ、あなたはカードのパックにすぎません!,4248.877
,Rule forty-two: All persons more than a mile high,ルール 42: 高さ 1 マイルを超えるすべての人,4251.958
,must leave the court immediately.,直ちに法廷を離れなければならない。,4255.98
,I am not a mile high. And I'm not leaving.,私は身長が1マイルもありません。そして、私は去りません。,4258.338
,"Sorry! Rule forty-two, you know.",すみません！ルール42、ご存知のとおりです。,4262.353
,"And as for you, Your Majesty!",そして、陛下は!,4264.752
,"Your Majesty, indeed! Why, you're not a queen!",陛下、本当に!なんで、あなたは女王じゃないのです!,4269.686
,"You're just a fat, pompous, bad tempered old ty-",あなたはただの太っていて、尊大で、気性の悪い老人です。,4273.659
,tyrant.,暴君。,4278.994
,"And, uh...",そして、ええと...,4282.019
,"what were you saying, my dear?",何を言っていたのですか、親愛なる人?,4283.43
,"Well, she simply said that you're a fat, pompous, bad tempered old tyrant!",まあ、彼女は単に、あなたは太っていて、尊大で、気性の悪い老暴君だと言いました!,4286.82
,Off with her head!,彼女の頭を落としてください!,4291.333
,"Forward, backward, inward, outward, here we go again!",前へ、後ろへ、内側、外側、また行きます!,4327.537
,No one ever loses and no one can ever win,誰も負けず、誰も勝つことはできません,4330.273
,"Backward, forward, outward, inward, bottom to the top, there's...",後ろ向き、前方、外側、内側、下から上へ、そこには...,4332.915
,Off with her head! Off with her head!,彼女の頭を落としてください!彼女の頭を落としてください!,4336.506
,Just a moment.,ちょっと。,4339.934
,"You can't leave a tea party without having a cup of tea, you know!",お茶会はお茶を一杯飲まずに帰ることはできません。,4340.87
,"But, but I can't stop now!",でも、でももうやめられない!,4343.665
,"Ah, but we insist! You must join us in a cup of tea!",ああ、でも私たちは主張します!お茶を飲みましょう!,4345.307
,Off with her head!,彼女の頭を落としてください!,4352.762
,Mister Caterpillar! What will I do?,ミスターキャタピラー!どうすればよいですか?,4356.038
,Who are you?,あなたは誰ですか。,4358.88
,There she goes! Don't let her get away!,ほら、彼女は行きます!彼女を逃がさないでください!,4363.545
,Off with her head!,彼女の頭を落としてください!,4366.72
,"Still locked, you know.",まだロックされています。,4375.357
,But the Queen! I simply must get out!,しかし、女王!私はただ出て行かなければなりません!,4377.08
,"Oh, but you are outside.",ああ、でもあなたは外にいます。,4379.74
,What?,何。,4382.026
,See for yourself!,自分の目で確かめてください!,4383.128
,"Why, why that's me!",なんで、なんで私なの!,4385.029
,I'm asleep!,寝てるよ!,4387.408
,Don't let her get away! Off with her head!,彼女を逃がさないでください!彼女の頭を落としてください!,4389.006
,"Alice, wake up! Please wake up, Alice!",アリス、起きて!アリス、起きてください!,4392.021
,"Please wake up, Alice!",アリス、起きてください!,4396.933
,Alice! Alice! Alice!,アリス！アリス！アリス！,4398.957
,Alice! Alice!,アリス！アリス！,4401.904
,Will you kindly pay attention and recite your lesson?,親切に注意を払ってレッスンを暗唱していただけますか?,4404.285
,"How doth the little crocodile, improve his shining tail.",小さなワニは、輝く尻尾をどのように改善しますか。,4410.023
,And pour the waters of the...,そして、の水を注ぎます...,4413.18
,"Alice, what are you talking about?",アリス、何を言っているの?,4414.29
,"Oh, I'm sorry, but you see, the Caterpillar said...",ああ、申し訳ありませんが、ほら、幼虫が言ったのは...,4417.606
,Caterpillar?,毛虫。,4421.275
,"Oh, for goodness sake.",ああ、念のために。,4422.567
,"Alice, I... Oh, well.",アリス、私は...あ、まあ。,4425.144
,"Come along, it's time for tea.",さあ、お茶の時間です。,4427.313
,Alice in Wonderland,不思議の国のアリス,4430.075
,Over the hill or here or there,丘の向こうやあちこち,4435.356
,I wonder where,どこで,4441.603
